{"accuracy": [0.0803571417927742], "loss": [19.832569122314453], "val_accuracy": [0.1672983169555664], "val_loss": [13.338425636291504]}